[
    {
        "writeback": "-1",
        "memory": "-1",
        "execute": "-1",
        "decode": "-1",
        "fetch": "AUIPC x10, 65536",
        "forwarding": "-1",
        "value": "-1",
        "id": "1"
    },
    {
        "writeback": "-1",
        "memory": "-1",
        "execute": "-1",
        "decode": "AUIPC x10, 65536",
        "fetch": "-1",
        "forwarding": "-1",
        "value": "-1",
        "id": "2"
    },
    {
        "writeback": "-1",
        "memory": "-1",
        "execute": "AUIPC x10, 65536",
        "decode": "-1",
        "fetch": "-1",
        "forwarding": "-1",
        "value": "-1",
        "id": "3"
    },
    {
        "writeback": "-1",
        "memory": "AUIPC x10, 65536",
        "execute": "-1",
        "decode": "-1",
        "fetch": "-1",
        "forwarding": "-1",
        "value": "-1",
        "id": "4"
    },
    {
        "writeback": "AUIPC x10, 65536",
        "memory": "-1",
        "execute": "-1",
        "decode": "-1",
        "fetch": "-1",
        "forwarding": "-1",
        "value": "-1",
        "id": "5"
    },
    {
        "writeback": "-1",
        "memory": "-1",
        "execute": "-1",
        "decode": "-1",
        "fetch": "LW x10, 0(x10)",
        "forwarding": "-1",
        "value": "-1",
        "id": "6"
    },
    {
        "writeback": "-1",
        "memory": "-1",
        "execute": "-1",
        "decode": "LW x10, 0(x10)",
        "fetch": "-1",
        "forwarding": "-1",
        "value": "-1",
        "id": "7"
    },
    {
        "writeback": "-1",
        "memory": "-1",
        "execute": "LW x10, 0(x10)",
        "decode": "-1",
        "fetch": "-1",
        "forwarding": "-1",
        "value": "-1",
        "id": "8"
    },
    {
        "writeback": "-1",
        "memory": "LW x10, 0(x10)",
        "execute": "-1",
        "decode": "-1",
        "fetch": "-1",
        "forwarding": "-1",
        "value": "-1",
        "id": "9"
    },
    {
        "writeback": "LW x10, 0(x10)",
        "memory": "-1",
        "execute": "-1",
        "decode": "-1",
        "fetch": "-1",
        "forwarding": "-1",
        "value": "-1",
        "id": "10"
    },
    {
        "writeback": "-1",
        "memory": "-1",
        "execute": "-1",
        "decode": "-1",
        "fetch": "ADDI x19, x0, 1",
        "forwarding": "-1",
        "value": "-1",
        "id": "11"
    },
    {
        "writeback": "-1",
        "memory": "-1",
        "execute": "-1",
        "decode": "ADDI x19, x0, 1",
        "fetch": "-1",
        "forwarding": "-1",
        "value": "-1",
        "id": "12"
    },
    {
        "writeback": "-1",
        "memory": "-1",
        "execute": "ADDI x19, x0, 1",
        "decode": "-1",
        "fetch": "-1",
        "forwarding": "-1",
        "value": "-1",
        "id": "13"
    },
    {
        "writeback": "-1",
        "memory": "ADDI x19, x0, 1",
        "execute": "-1",
        "decode": "-1",
        "fetch": "-1",
        "forwarding": "-1",
        "value": "-1",
        "id": "14"
    },
    {
        "writeback": "ADDI x19, x0, 1",
        "memory": "-1",
        "execute": "-1",
        "decode": "-1",
        "fetch": "-1",
        "forwarding": "-1",
        "value": "-1",
        "id": "15"
    },
    {
        "writeback": "-1",
        "memory": "-1",
        "execute": "-1",
        "decode": "-1",
        "fetch": "JAL x1, 8",
        "forwarding": "-1",
        "value": "-1",
        "id": "16"
    },
    {
        "writeback": "-1",
        "memory": "-1",
        "execute": "-1",
        "decode": "JAL x1, 8",
        "fetch": "-1",
        "forwarding": "-1",
        "value": "-1",
        "id": "17"
    },
    {
        "writeback": "-1",
        "memory": "-1",
        "execute": "JAL x1, 8",
        "decode": "-1",
        "fetch": "-1",
        "forwarding": "-1",
        "value": "-1",
        "id": "18"
    },
    {
        "writeback": "-1",
        "memory": "JAL x1, 8",
        "execute": "-1",
        "decode": "-1",
        "fetch": "-1",
        "forwarding": "-1",
        "value": "-1",
        "id": "19"
    },
    {
        "writeback": "JAL x1, 8",
        "memory": "-1",
        "execute": "-1",
        "decode": "-1",
        "fetch": "-1",
        "forwarding": "-1",
        "value": "-1",
        "id": "20"
    },
    {
        "writeback": "-1",
        "memory": "-1",
        "execute": "-1",
        "decode": "-1",
        "fetch": "ADDI x2, x2, -8",
        "forwarding": "-1",
        "value": "-1",
        "id": "21"
    },
    {
        "writeback": "-1",
        "memory": "-1",
        "execute": "-1",
        "decode": "ADDI x2, x2, -8",
        "fetch": "-1",
        "forwarding": "-1",
        "value": "-1",
        "id": "22"
    },
    {
        "writeback": "-1",
        "memory": "-1",
        "execute": "ADDI x2, x2, -8",
        "decode": "-1",
        "fetch": "-1",
        "forwarding": "-1",
        "value": "-1",
        "id": "23"
    },
    {
        "writeback": "-1",
        "memory": "ADDI x2, x2, -8",
        "execute": "-1",
        "decode": "-1",
        "fetch": "-1",
        "forwarding": "-1",
        "value": "-1",
        "id": "24"
    },
    {
        "writeback": "ADDI x2, x2, -8",
        "memory": "-1",
        "execute": "-1",
        "decode": "-1",
        "fetch": "-1",
        "forwarding": "-1",
        "value": "-1",
        "id": "25"
    },
    {
        "writeback": "-1",
        "memory": "-1",
        "execute": "-1",
        "decode": "-1",
        "fetch": "SW x10, 0(x2)",
        "forwarding": "-1",
        "value": "-1",
        "id": "26"
    },
    {
        "writeback": "-1",
        "memory": "-1",
        "execute": "-1",
        "decode": "SW x10, 0(x2)",
        "fetch": "-1",
        "forwarding": "-1",
        "value": "-1",
        "id": "27"
    },
    {
        "writeback": "-1",
        "memory": "-1",
        "execute": "SW x10, 0(x2)",
        "decode": "-1",
        "fetch": "-1",
        "forwarding": "-1",
        "value": "-1",
        "id": "28"
    },
    {
        "writeback": "-1",
        "memory": "SW x10, 0(x2)",
        "execute": "-1",
        "decode": "-1",
        "fetch": "-1",
        "forwarding": "-1",
        "value": "-1",
        "id": "29"
    },
    {
        "writeback": "SW x10, 0(x2)",
        "memory": "-1",
        "execute": "-1",
        "decode": "-1",
        "fetch": "-1",
        "forwarding": "-1",
        "value": "-1",
        "id": "30"
    },
    {
        "writeback": "-1",
        "memory": "-1",
        "execute": "-1",
        "decode": "-1",
        "fetch": "SW x1, 4(x2)",
        "forwarding": "-1",
        "value": "-1",
        "id": "31"
    },
    {
        "writeback": "-1",
        "memory": "-1",
        "execute": "-1",
        "decode": "SW x1, 4(x2)",
        "fetch": "-1",
        "forwarding": "-1",
        "value": "-1",
        "id": "32"
    },
    {
        "writeback": "-1",
        "memory": "-1",
        "execute": "SW x1, 4(x2)",
        "decode": "-1",
        "fetch": "-1",
        "forwarding": "-1",
        "value": "-1",
        "id": "33"
    },
    {
        "writeback": "-1",
        "memory": "SW x1, 4(x2)",
        "execute": "-1",
        "decode": "-1",
        "fetch": "-1",
        "forwarding": "-1",
        "value": "-1",
        "id": "34"
    },
    {
        "writeback": "SW x1, 4(x2)",
        "memory": "-1",
        "execute": "-1",
        "decode": "-1",
        "fetch": "-1",
        "forwarding": "-1",
        "value": "-1",
        "id": "35"
    },
    {
        "writeback": "-1",
        "memory": "-1",
        "execute": "-1",
        "decode": "-1",
        "fetch": "BLT x19, x10, 12",
        "forwarding": "-1",
        "value": "-1",
        "id": "36"
    },
    {
        "writeback": "-1",
        "memory": "-1",
        "execute": "-1",
        "decode": "BLT x19, x10, 12",
        "fetch": "-1",
        "forwarding": "-1",
        "value": "-1",
        "id": "37"
    },
    {
        "writeback": "-1",
        "memory": "-1",
        "execute": "BLT x19, x10, 12",
        "decode": "-1",
        "fetch": "-1",
        "forwarding": "-1",
        "value": "-1",
        "id": "38"
    },
    {
        "writeback": "-1",
        "memory": "BLT x19, x10, 12",
        "execute": "-1",
        "decode": "-1",
        "fetch": "-1",
        "forwarding": "-1",
        "value": "-1",
        "id": "39"
    },
    {
        "writeback": "BLT x19, x10, 12",
        "memory": "-1",
        "execute": "-1",
        "decode": "-1",
        "fetch": "-1",
        "forwarding": "-1",
        "value": "-1",
        "id": "40"
    },
    {
        "writeback": "-1",
        "memory": "-1",
        "execute": "-1",
        "decode": "-1",
        "fetch": "ADDI x10, x10, -1",
        "forwarding": "-1",
        "value": "-1",
        "id": "41"
    },
    {
        "writeback": "-1",
        "memory": "-1",
        "execute": "-1",
        "decode": "ADDI x10, x10, -1",
        "fetch": "-1",
        "forwarding": "-1",
        "value": "-1",
        "id": "42"
    },
    {
        "writeback": "-1",
        "memory": "-1",
        "execute": "ADDI x10, x10, -1",
        "decode": "-1",
        "fetch": "-1",
        "forwarding": "-1",
        "value": "-1",
        "id": "43"
    },
    {
        "writeback": "-1",
        "memory": "ADDI x10, x10, -1",
        "execute": "-1",
        "decode": "-1",
        "fetch": "-1",
        "forwarding": "-1",
        "value": "-1",
        "id": "44"
    },
    {
        "writeback": "ADDI x10, x10, -1",
        "memory": "-1",
        "execute": "-1",
        "decode": "-1",
        "fetch": "-1",
        "forwarding": "-1",
        "value": "-1",
        "id": "45"
    },
    {
        "writeback": "-1",
        "memory": "-1",
        "execute": "-1",
        "decode": "-1",
        "fetch": "JAL x1, -28",
        "forwarding": "-1",
        "value": "-1",
        "id": "46"
    },
    {
        "writeback": "-1",
        "memory": "-1",
        "execute": "-1",
        "decode": "JAL x1, -28",
        "fetch": "-1",
        "forwarding": "-1",
        "value": "-1",
        "id": "47"
    },
    {
        "writeback": "-1",
        "memory": "-1",
        "execute": "JAL x1, -28",
        "decode": "-1",
        "fetch": "-1",
        "forwarding": "-1",
        "value": "-1",
        "id": "48"
    },
    {
        "writeback": "-1",
        "memory": "JAL x1, -28",
        "execute": "-1",
        "decode": "-1",
        "fetch": "-1",
        "forwarding": "-1",
        "value": "-1",
        "id": "49"
    },
    {
        "writeback": "JAL x1, -28",
        "memory": "-1",
        "execute": "-1",
        "decode": "-1",
        "fetch": "-1",
        "forwarding": "-1",
        "value": "-1",
        "id": "50"
    },
    {
        "writeback": "-1",
        "memory": "-1",
        "execute": "-1",
        "decode": "-1",
        "fetch": "ADDI x2, x2, -8",
        "forwarding": "-1",
        "value": "-1",
        "id": "51"
    },
    {
        "writeback": "-1",
        "memory": "-1",
        "execute": "-1",
        "decode": "ADDI x2, x2, -8",
        "fetch": "-1",
        "forwarding": "-1",
        "value": "-1",
        "id": "52"
    },
    {
        "writeback": "-1",
        "memory": "-1",
        "execute": "ADDI x2, x2, -8",
        "decode": "-1",
        "fetch": "-1",
        "forwarding": "-1",
        "value": "-1",
        "id": "53"
    },
    {
        "writeback": "-1",
        "memory": "ADDI x2, x2, -8",
        "execute": "-1",
        "decode": "-1",
        "fetch": "-1",
        "forwarding": "-1",
        "value": "-1",
        "id": "54"
    },
    {
        "writeback": "ADDI x2, x2, -8",
        "memory": "-1",
        "execute": "-1",
        "decode": "-1",
        "fetch": "-1",
        "forwarding": "-1",
        "value": "-1",
        "id": "55"
    },
    {
        "writeback": "-1",
        "memory": "-1",
        "execute": "-1",
        "decode": "-1",
        "fetch": "SW x10, 0(x2)",
        "forwarding": "-1",
        "value": "-1",
        "id": "56"
    },
    {
        "writeback": "-1",
        "memory": "-1",
        "execute": "-1",
        "decode": "SW x10, 0(x2)",
        "fetch": "-1",
        "forwarding": "-1",
        "value": "-1",
        "id": "57"
    },
    {
        "writeback": "-1",
        "memory": "-1",
        "execute": "SW x10, 0(x2)",
        "decode": "-1",
        "fetch": "-1",
        "forwarding": "-1",
        "value": "-1",
        "id": "58"
    },
    {
        "writeback": "-1",
        "memory": "SW x10, 0(x2)",
        "execute": "-1",
        "decode": "-1",
        "fetch": "-1",
        "forwarding": "-1",
        "value": "-1",
        "id": "59"
    },
    {
        "writeback": "SW x10, 0(x2)",
        "memory": "-1",
        "execute": "-1",
        "decode": "-1",
        "fetch": "-1",
        "forwarding": "-1",
        "value": "-1",
        "id": "60"
    },
    {
        "writeback": "-1",
        "memory": "-1",
        "execute": "-1",
        "decode": "-1",
        "fetch": "SW x1, 4(x2)",
        "forwarding": "-1",
        "value": "-1",
        "id": "61"
    },
    {
        "writeback": "-1",
        "memory": "-1",
        "execute": "-1",
        "decode": "SW x1, 4(x2)",
        "fetch": "-1",
        "forwarding": "-1",
        "value": "-1",
        "id": "62"
    },
    {
        "writeback": "-1",
        "memory": "-1",
        "execute": "SW x1, 4(x2)",
        "decode": "-1",
        "fetch": "-1",
        "forwarding": "-1",
        "value": "-1",
        "id": "63"
    },
    {
        "writeback": "-1",
        "memory": "SW x1, 4(x2)",
        "execute": "-1",
        "decode": "-1",
        "fetch": "-1",
        "forwarding": "-1",
        "value": "-1",
        "id": "64"
    },
    {
        "writeback": "SW x1, 4(x2)",
        "memory": "-1",
        "execute": "-1",
        "decode": "-1",
        "fetch": "-1",
        "forwarding": "-1",
        "value": "-1",
        "id": "65"
    },
    {
        "writeback": "-1",
        "memory": "-1",
        "execute": "-1",
        "decode": "-1",
        "fetch": "BLT x19, x10, 12",
        "forwarding": "-1",
        "value": "-1",
        "id": "66"
    },
    {
        "writeback": "-1",
        "memory": "-1",
        "execute": "-1",
        "decode": "BLT x19, x10, 12",
        "fetch": "-1",
        "forwarding": "-1",
        "value": "-1",
        "id": "67"
    },
    {
        "writeback": "-1",
        "memory": "-1",
        "execute": "BLT x19, x10, 12",
        "decode": "-1",
        "fetch": "-1",
        "forwarding": "-1",
        "value": "-1",
        "id": "68"
    },
    {
        "writeback": "-1",
        "memory": "BLT x19, x10, 12",
        "execute": "-1",
        "decode": "-1",
        "fetch": "-1",
        "forwarding": "-1",
        "value": "-1",
        "id": "69"
    },
    {
        "writeback": "BLT x19, x10, 12",
        "memory": "-1",
        "execute": "-1",
        "decode": "-1",
        "fetch": "-1",
        "forwarding": "-1",
        "value": "-1",
        "id": "70"
    },
    {
        "writeback": "-1",
        "memory": "-1",
        "execute": "-1",
        "decode": "-1",
        "fetch": "ADDI x10, x10, -1",
        "forwarding": "-1",
        "value": "-1",
        "id": "71"
    },
    {
        "writeback": "-1",
        "memory": "-1",
        "execute": "-1",
        "decode": "ADDI x10, x10, -1",
        "fetch": "-1",
        "forwarding": "-1",
        "value": "-1",
        "id": "72"
    },
    {
        "writeback": "-1",
        "memory": "-1",
        "execute": "ADDI x10, x10, -1",
        "decode": "-1",
        "fetch": "-1",
        "forwarding": "-1",
        "value": "-1",
        "id": "73"
    },
    {
        "writeback": "-1",
        "memory": "ADDI x10, x10, -1",
        "execute": "-1",
        "decode": "-1",
        "fetch": "-1",
        "forwarding": "-1",
        "value": "-1",
        "id": "74"
    },
    {
        "writeback": "ADDI x10, x10, -1",
        "memory": "-1",
        "execute": "-1",
        "decode": "-1",
        "fetch": "-1",
        "forwarding": "-1",
        "value": "-1",
        "id": "75"
    },
    {
        "writeback": "-1",
        "memory": "-1",
        "execute": "-1",
        "decode": "-1",
        "fetch": "JAL x1, -28",
        "forwarding": "-1",
        "value": "-1",
        "id": "76"
    },
    {
        "writeback": "-1",
        "memory": "-1",
        "execute": "-1",
        "decode": "JAL x1, -28",
        "fetch": "-1",
        "forwarding": "-1",
        "value": "-1",
        "id": "77"
    },
    {
        "writeback": "-1",
        "memory": "-1",
        "execute": "JAL x1, -28",
        "decode": "-1",
        "fetch": "-1",
        "forwarding": "-1",
        "value": "-1",
        "id": "78"
    },
    {
        "writeback": "-1",
        "memory": "JAL x1, -28",
        "execute": "-1",
        "decode": "-1",
        "fetch": "-1",
        "forwarding": "-1",
        "value": "-1",
        "id": "79"
    },
    {
        "writeback": "JAL x1, -28",
        "memory": "-1",
        "execute": "-1",
        "decode": "-1",
        "fetch": "-1",
        "forwarding": "-1",
        "value": "-1",
        "id": "80"
    },
    {
        "writeback": "-1",
        "memory": "-1",
        "execute": "-1",
        "decode": "-1",
        "fetch": "ADDI x2, x2, -8",
        "forwarding": "-1",
        "value": "-1",
        "id": "81"
    },
    {
        "writeback": "-1",
        "memory": "-1",
        "execute": "-1",
        "decode": "ADDI x2, x2, -8",
        "fetch": "-1",
        "forwarding": "-1",
        "value": "-1",
        "id": "82"
    },
    {
        "writeback": "-1",
        "memory": "-1",
        "execute": "ADDI x2, x2, -8",
        "decode": "-1",
        "fetch": "-1",
        "forwarding": "-1",
        "value": "-1",
        "id": "83"
    },
    {
        "writeback": "-1",
        "memory": "ADDI x2, x2, -8",
        "execute": "-1",
        "decode": "-1",
        "fetch": "-1",
        "forwarding": "-1",
        "value": "-1",
        "id": "84"
    },
    {
        "writeback": "ADDI x2, x2, -8",
        "memory": "-1",
        "execute": "-1",
        "decode": "-1",
        "fetch": "-1",
        "forwarding": "-1",
        "value": "-1",
        "id": "85"
    },
    {
        "writeback": "-1",
        "memory": "-1",
        "execute": "-1",
        "decode": "-1",
        "fetch": "SW x10, 0(x2)",
        "forwarding": "-1",
        "value": "-1",
        "id": "86"
    },
    {
        "writeback": "-1",
        "memory": "-1",
        "execute": "-1",
        "decode": "SW x10, 0(x2)",
        "fetch": "-1",
        "forwarding": "-1",
        "value": "-1",
        "id": "87"
    },
    {
        "writeback": "-1",
        "memory": "-1",
        "execute": "SW x10, 0(x2)",
        "decode": "-1",
        "fetch": "-1",
        "forwarding": "-1",
        "value": "-1",
        "id": "88"
    },
    {
        "writeback": "-1",
        "memory": "SW x10, 0(x2)",
        "execute": "-1",
        "decode": "-1",
        "fetch": "-1",
        "forwarding": "-1",
        "value": "-1",
        "id": "89"
    },
    {
        "writeback": "SW x10, 0(x2)",
        "memory": "-1",
        "execute": "-1",
        "decode": "-1",
        "fetch": "-1",
        "forwarding": "-1",
        "value": "-1",
        "id": "90"
    },
    {
        "writeback": "-1",
        "memory": "-1",
        "execute": "-1",
        "decode": "-1",
        "fetch": "SW x1, 4(x2)",
        "forwarding": "-1",
        "value": "-1",
        "id": "91"
    },
    {
        "writeback": "-1",
        "memory": "-1",
        "execute": "-1",
        "decode": "SW x1, 4(x2)",
        "fetch": "-1",
        "forwarding": "-1",
        "value": "-1",
        "id": "92"
    },
    {
        "writeback": "-1",
        "memory": "-1",
        "execute": "SW x1, 4(x2)",
        "decode": "-1",
        "fetch": "-1",
        "forwarding": "-1",
        "value": "-1",
        "id": "93"
    },
    {
        "writeback": "-1",
        "memory": "SW x1, 4(x2)",
        "execute": "-1",
        "decode": "-1",
        "fetch": "-1",
        "forwarding": "-1",
        "value": "-1",
        "id": "94"
    },
    {
        "writeback": "SW x1, 4(x2)",
        "memory": "-1",
        "execute": "-1",
        "decode": "-1",
        "fetch": "-1",
        "forwarding": "-1",
        "value": "-1",
        "id": "95"
    },
    {
        "writeback": "-1",
        "memory": "-1",
        "execute": "-1",
        "decode": "-1",
        "fetch": "BLT x19, x10, 12",
        "forwarding": "-1",
        "value": "-1",
        "id": "96"
    },
    {
        "writeback": "-1",
        "memory": "-1",
        "execute": "-1",
        "decode": "BLT x19, x10, 12",
        "fetch": "-1",
        "forwarding": "-1",
        "value": "-1",
        "id": "97"
    },
    {
        "writeback": "-1",
        "memory": "-1",
        "execute": "BLT x19, x10, 12",
        "decode": "-1",
        "fetch": "-1",
        "forwarding": "-1",
        "value": "-1",
        "id": "98"
    },
    {
        "writeback": "-1",
        "memory": "BLT x19, x10, 12",
        "execute": "-1",
        "decode": "-1",
        "fetch": "-1",
        "forwarding": "-1",
        "value": "-1",
        "id": "99"
    },
    {
        "writeback": "BLT x19, x10, 12",
        "memory": "-1",
        "execute": "-1",
        "decode": "-1",
        "fetch": "-1",
        "forwarding": "-1",
        "value": "-1",
        "id": "100"
    },
    {
        "writeback": "-1",
        "memory": "-1",
        "execute": "-1",
        "decode": "-1",
        "fetch": "ADDI x10, x10, -1",
        "forwarding": "-1",
        "value": "-1",
        "id": "101"
    },
    {
        "writeback": "-1",
        "memory": "-1",
        "execute": "-1",
        "decode": "ADDI x10, x10, -1",
        "fetch": "-1",
        "forwarding": "-1",
        "value": "-1",
        "id": "102"
    },
    {
        "writeback": "-1",
        "memory": "-1",
        "execute": "ADDI x10, x10, -1",
        "decode": "-1",
        "fetch": "-1",
        "forwarding": "-1",
        "value": "-1",
        "id": "103"
    },
    {
        "writeback": "-1",
        "memory": "ADDI x10, x10, -1",
        "execute": "-1",
        "decode": "-1",
        "fetch": "-1",
        "forwarding": "-1",
        "value": "-1",
        "id": "104"
    },
    {
        "writeback": "ADDI x10, x10, -1",
        "memory": "-1",
        "execute": "-1",
        "decode": "-1",
        "fetch": "-1",
        "forwarding": "-1",
        "value": "-1",
        "id": "105"
    },
    {
        "writeback": "-1",
        "memory": "-1",
        "execute": "-1",
        "decode": "-1",
        "fetch": "JAL x1, -28",
        "forwarding": "-1",
        "value": "-1",
        "id": "106"
    },
    {
        "writeback": "-1",
        "memory": "-1",
        "execute": "-1",
        "decode": "JAL x1, -28",
        "fetch": "-1",
        "forwarding": "-1",
        "value": "-1",
        "id": "107"
    },
    {
        "writeback": "-1",
        "memory": "-1",
        "execute": "JAL x1, -28",
        "decode": "-1",
        "fetch": "-1",
        "forwarding": "-1",
        "value": "-1",
        "id": "108"
    },
    {
        "writeback": "-1",
        "memory": "JAL x1, -28",
        "execute": "-1",
        "decode": "-1",
        "fetch": "-1",
        "forwarding": "-1",
        "value": "-1",
        "id": "109"
    },
    {
        "writeback": "JAL x1, -28",
        "memory": "-1",
        "execute": "-1",
        "decode": "-1",
        "fetch": "-1",
        "forwarding": "-1",
        "value": "-1",
        "id": "110"
    },
    {
        "writeback": "-1",
        "memory": "-1",
        "execute": "-1",
        "decode": "-1",
        "fetch": "ADDI x2, x2, -8",
        "forwarding": "-1",
        "value": "-1",
        "id": "111"
    },
    {
        "writeback": "-1",
        "memory": "-1",
        "execute": "-1",
        "decode": "ADDI x2, x2, -8",
        "fetch": "-1",
        "forwarding": "-1",
        "value": "-1",
        "id": "112"
    },
    {
        "writeback": "-1",
        "memory": "-1",
        "execute": "ADDI x2, x2, -8",
        "decode": "-1",
        "fetch": "-1",
        "forwarding": "-1",
        "value": "-1",
        "id": "113"
    },
    {
        "writeback": "-1",
        "memory": "ADDI x2, x2, -8",
        "execute": "-1",
        "decode": "-1",
        "fetch": "-1",
        "forwarding": "-1",
        "value": "-1",
        "id": "114"
    },
    {
        "writeback": "ADDI x2, x2, -8",
        "memory": "-1",
        "execute": "-1",
        "decode": "-1",
        "fetch": "-1",
        "forwarding": "-1",
        "value": "-1",
        "id": "115"
    },
    {
        "writeback": "-1",
        "memory": "-1",
        "execute": "-1",
        "decode": "-1",
        "fetch": "SW x10, 0(x2)",
        "forwarding": "-1",
        "value": "-1",
        "id": "116"
    },
    {
        "writeback": "-1",
        "memory": "-1",
        "execute": "-1",
        "decode": "SW x10, 0(x2)",
        "fetch": "-1",
        "forwarding": "-1",
        "value": "-1",
        "id": "117"
    },
    {
        "writeback": "-1",
        "memory": "-1",
        "execute": "SW x10, 0(x2)",
        "decode": "-1",
        "fetch": "-1",
        "forwarding": "-1",
        "value": "-1",
        "id": "118"
    },
    {
        "writeback": "-1",
        "memory": "SW x10, 0(x2)",
        "execute": "-1",
        "decode": "-1",
        "fetch": "-1",
        "forwarding": "-1",
        "value": "-1",
        "id": "119"
    },
    {
        "writeback": "SW x10, 0(x2)",
        "memory": "-1",
        "execute": "-1",
        "decode": "-1",
        "fetch": "-1",
        "forwarding": "-1",
        "value": "-1",
        "id": "120"
    },
    {
        "writeback": "-1",
        "memory": "-1",
        "execute": "-1",
        "decode": "-1",
        "fetch": "SW x1, 4(x2)",
        "forwarding": "-1",
        "value": "-1",
        "id": "121"
    },
    {
        "writeback": "-1",
        "memory": "-1",
        "execute": "-1",
        "decode": "SW x1, 4(x2)",
        "fetch": "-1",
        "forwarding": "-1",
        "value": "-1",
        "id": "122"
    },
    {
        "writeback": "-1",
        "memory": "-1",
        "execute": "SW x1, 4(x2)",
        "decode": "-1",
        "fetch": "-1",
        "forwarding": "-1",
        "value": "-1",
        "id": "123"
    },
    {
        "writeback": "-1",
        "memory": "SW x1, 4(x2)",
        "execute": "-1",
        "decode": "-1",
        "fetch": "-1",
        "forwarding": "-1",
        "value": "-1",
        "id": "124"
    },
    {
        "writeback": "SW x1, 4(x2)",
        "memory": "-1",
        "execute": "-1",
        "decode": "-1",
        "fetch": "-1",
        "forwarding": "-1",
        "value": "-1",
        "id": "125"
    },
    {
        "writeback": "-1",
        "memory": "-1",
        "execute": "-1",
        "decode": "-1",
        "fetch": "BLT x19, x10, 12",
        "forwarding": "-1",
        "value": "-1",
        "id": "126"
    },
    {
        "writeback": "-1",
        "memory": "-1",
        "execute": "-1",
        "decode": "BLT x19, x10, 12",
        "fetch": "-1",
        "forwarding": "-1",
        "value": "-1",
        "id": "127"
    },
    {
        "writeback": "-1",
        "memory": "-1",
        "execute": "BLT x19, x10, 12",
        "decode": "-1",
        "fetch": "-1",
        "forwarding": "-1",
        "value": "-1",
        "id": "128"
    },
    {
        "writeback": "-1",
        "memory": "BLT x19, x10, 12",
        "execute": "-1",
        "decode": "-1",
        "fetch": "-1",
        "forwarding": "-1",
        "value": "-1",
        "id": "129"
    },
    {
        "writeback": "BLT x19, x10, 12",
        "memory": "-1",
        "execute": "-1",
        "decode": "-1",
        "fetch": "-1",
        "forwarding": "-1",
        "value": "-1",
        "id": "130"
    },
    {
        "writeback": "-1",
        "memory": "-1",
        "execute": "-1",
        "decode": "-1",
        "fetch": "ADDI x10, x10, -1",
        "forwarding": "-1",
        "value": "-1",
        "id": "131"
    },
    {
        "writeback": "-1",
        "memory": "-1",
        "execute": "-1",
        "decode": "ADDI x10, x10, -1",
        "fetch": "-1",
        "forwarding": "-1",
        "value": "-1",
        "id": "132"
    },
    {
        "writeback": "-1",
        "memory": "-1",
        "execute": "ADDI x10, x10, -1",
        "decode": "-1",
        "fetch": "-1",
        "forwarding": "-1",
        "value": "-1",
        "id": "133"
    },
    {
        "writeback": "-1",
        "memory": "ADDI x10, x10, -1",
        "execute": "-1",
        "decode": "-1",
        "fetch": "-1",
        "forwarding": "-1",
        "value": "-1",
        "id": "134"
    },
    {
        "writeback": "ADDI x10, x10, -1",
        "memory": "-1",
        "execute": "-1",
        "decode": "-1",
        "fetch": "-1",
        "forwarding": "-1",
        "value": "-1",
        "id": "135"
    },
    {
        "writeback": "-1",
        "memory": "-1",
        "execute": "-1",
        "decode": "-1",
        "fetch": "JAL x1, -28",
        "forwarding": "-1",
        "value": "-1",
        "id": "136"
    },
    {
        "writeback": "-1",
        "memory": "-1",
        "execute": "-1",
        "decode": "JAL x1, -28",
        "fetch": "-1",
        "forwarding": "-1",
        "value": "-1",
        "id": "137"
    },
    {
        "writeback": "-1",
        "memory": "-1",
        "execute": "JAL x1, -28",
        "decode": "-1",
        "fetch": "-1",
        "forwarding": "-1",
        "value": "-1",
        "id": "138"
    },
    {
        "writeback": "-1",
        "memory": "JAL x1, -28",
        "execute": "-1",
        "decode": "-1",
        "fetch": "-1",
        "forwarding": "-1",
        "value": "-1",
        "id": "139"
    },
    {
        "writeback": "JAL x1, -28",
        "memory": "-1",
        "execute": "-1",
        "decode": "-1",
        "fetch": "-1",
        "forwarding": "-1",
        "value": "-1",
        "id": "140"
    },
    {
        "writeback": "-1",
        "memory": "-1",
        "execute": "-1",
        "decode": "-1",
        "fetch": "ADDI x2, x2, -8",
        "forwarding": "-1",
        "value": "-1",
        "id": "141"
    },
    {
        "writeback": "-1",
        "memory": "-1",
        "execute": "-1",
        "decode": "ADDI x2, x2, -8",
        "fetch": "-1",
        "forwarding": "-1",
        "value": "-1",
        "id": "142"
    },
    {
        "writeback": "-1",
        "memory": "-1",
        "execute": "ADDI x2, x2, -8",
        "decode": "-1",
        "fetch": "-1",
        "forwarding": "-1",
        "value": "-1",
        "id": "143"
    },
    {
        "writeback": "-1",
        "memory": "ADDI x2, x2, -8",
        "execute": "-1",
        "decode": "-1",
        "fetch": "-1",
        "forwarding": "-1",
        "value": "-1",
        "id": "144"
    },
    {
        "writeback": "ADDI x2, x2, -8",
        "memory": "-1",
        "execute": "-1",
        "decode": "-1",
        "fetch": "-1",
        "forwarding": "-1",
        "value": "-1",
        "id": "145"
    },
    {
        "writeback": "-1",
        "memory": "-1",
        "execute": "-1",
        "decode": "-1",
        "fetch": "SW x10, 0(x2)",
        "forwarding": "-1",
        "value": "-1",
        "id": "146"
    },
    {
        "writeback": "-1",
        "memory": "-1",
        "execute": "-1",
        "decode": "SW x10, 0(x2)",
        "fetch": "-1",
        "forwarding": "-1",
        "value": "-1",
        "id": "147"
    },
    {
        "writeback": "-1",
        "memory": "-1",
        "execute": "SW x10, 0(x2)",
        "decode": "-1",
        "fetch": "-1",
        "forwarding": "-1",
        "value": "-1",
        "id": "148"
    },
    {
        "writeback": "-1",
        "memory": "SW x10, 0(x2)",
        "execute": "-1",
        "decode": "-1",
        "fetch": "-1",
        "forwarding": "-1",
        "value": "-1",
        "id": "149"
    },
    {
        "writeback": "SW x10, 0(x2)",
        "memory": "-1",
        "execute": "-1",
        "decode": "-1",
        "fetch": "-1",
        "forwarding": "-1",
        "value": "-1",
        "id": "150"
    },
    {
        "writeback": "-1",
        "memory": "-1",
        "execute": "-1",
        "decode": "-1",
        "fetch": "SW x1, 4(x2)",
        "forwarding": "-1",
        "value": "-1",
        "id": "151"
    },
    {
        "writeback": "-1",
        "memory": "-1",
        "execute": "-1",
        "decode": "SW x1, 4(x2)",
        "fetch": "-1",
        "forwarding": "-1",
        "value": "-1",
        "id": "152"
    },
    {
        "writeback": "-1",
        "memory": "-1",
        "execute": "SW x1, 4(x2)",
        "decode": "-1",
        "fetch": "-1",
        "forwarding": "-1",
        "value": "-1",
        "id": "153"
    },
    {
        "writeback": "-1",
        "memory": "SW x1, 4(x2)",
        "execute": "-1",
        "decode": "-1",
        "fetch": "-1",
        "forwarding": "-1",
        "value": "-1",
        "id": "154"
    },
    {
        "writeback": "SW x1, 4(x2)",
        "memory": "-1",
        "execute": "-1",
        "decode": "-1",
        "fetch": "-1",
        "forwarding": "-1",
        "value": "-1",
        "id": "155"
    },
    {
        "writeback": "-1",
        "memory": "-1",
        "execute": "-1",
        "decode": "-1",
        "fetch": "BLT x19, x10, 12",
        "forwarding": "-1",
        "value": "-1",
        "id": "156"
    },
    {
        "writeback": "-1",
        "memory": "-1",
        "execute": "-1",
        "decode": "BLT x19, x10, 12",
        "fetch": "-1",
        "forwarding": "-1",
        "value": "-1",
        "id": "157"
    },
    {
        "writeback": "-1",
        "memory": "-1",
        "execute": "BLT x19, x10, 12",
        "decode": "-1",
        "fetch": "-1",
        "forwarding": "-1",
        "value": "-1",
        "id": "158"
    },
    {
        "writeback": "-1",
        "memory": "BLT x19, x10, 12",
        "execute": "-1",
        "decode": "-1",
        "fetch": "-1",
        "forwarding": "-1",
        "value": "-1",
        "id": "159"
    },
    {
        "writeback": "BLT x19, x10, 12",
        "memory": "-1",
        "execute": "-1",
        "decode": "-1",
        "fetch": "-1",
        "forwarding": "-1",
        "value": "-1",
        "id": "160"
    },
    {
        "writeback": "-1",
        "memory": "-1",
        "execute": "-1",
        "decode": "-1",
        "fetch": "ADDI x10, x10, -1",
        "forwarding": "-1",
        "value": "-1",
        "id": "161"
    },
    {
        "writeback": "-1",
        "memory": "-1",
        "execute": "-1",
        "decode": "ADDI x10, x10, -1",
        "fetch": "-1",
        "forwarding": "-1",
        "value": "-1",
        "id": "162"
    },
    {
        "writeback": "-1",
        "memory": "-1",
        "execute": "ADDI x10, x10, -1",
        "decode": "-1",
        "fetch": "-1",
        "forwarding": "-1",
        "value": "-1",
        "id": "163"
    },
    {
        "writeback": "-1",
        "memory": "ADDI x10, x10, -1",
        "execute": "-1",
        "decode": "-1",
        "fetch": "-1",
        "forwarding": "-1",
        "value": "-1",
        "id": "164"
    },
    {
        "writeback": "ADDI x10, x10, -1",
        "memory": "-1",
        "execute": "-1",
        "decode": "-1",
        "fetch": "-1",
        "forwarding": "-1",
        "value": "-1",
        "id": "165"
    },
    {
        "writeback": "-1",
        "memory": "-1",
        "execute": "-1",
        "decode": "-1",
        "fetch": "JAL x1, -28",
        "forwarding": "-1",
        "value": "-1",
        "id": "166"
    },
    {
        "writeback": "-1",
        "memory": "-1",
        "execute": "-1",
        "decode": "JAL x1, -28",
        "fetch": "-1",
        "forwarding": "-1",
        "value": "-1",
        "id": "167"
    },
    {
        "writeback": "-1",
        "memory": "-1",
        "execute": "JAL x1, -28",
        "decode": "-1",
        "fetch": "-1",
        "forwarding": "-1",
        "value": "-1",
        "id": "168"
    },
    {
        "writeback": "-1",
        "memory": "JAL x1, -28",
        "execute": "-1",
        "decode": "-1",
        "fetch": "-1",
        "forwarding": "-1",
        "value": "-1",
        "id": "169"
    },
    {
        "writeback": "JAL x1, -28",
        "memory": "-1",
        "execute": "-1",
        "decode": "-1",
        "fetch": "-1",
        "forwarding": "-1",
        "value": "-1",
        "id": "170"
    },
    {
        "writeback": "-1",
        "memory": "-1",
        "execute": "-1",
        "decode": "-1",
        "fetch": "ADDI x2, x2, -8",
        "forwarding": "-1",
        "value": "-1",
        "id": "171"
    },
    {
        "writeback": "-1",
        "memory": "-1",
        "execute": "-1",
        "decode": "ADDI x2, x2, -8",
        "fetch": "-1",
        "forwarding": "-1",
        "value": "-1",
        "id": "172"
    },
    {
        "writeback": "-1",
        "memory": "-1",
        "execute": "ADDI x2, x2, -8",
        "decode": "-1",
        "fetch": "-1",
        "forwarding": "-1",
        "value": "-1",
        "id": "173"
    },
    {
        "writeback": "-1",
        "memory": "ADDI x2, x2, -8",
        "execute": "-1",
        "decode": "-1",
        "fetch": "-1",
        "forwarding": "-1",
        "value": "-1",
        "id": "174"
    },
    {
        "writeback": "ADDI x2, x2, -8",
        "memory": "-1",
        "execute": "-1",
        "decode": "-1",
        "fetch": "-1",
        "forwarding": "-1",
        "value": "-1",
        "id": "175"
    },
    {
        "writeback": "-1",
        "memory": "-1",
        "execute": "-1",
        "decode": "-1",
        "fetch": "SW x10, 0(x2)",
        "forwarding": "-1",
        "value": "-1",
        "id": "176"
    },
    {
        "writeback": "-1",
        "memory": "-1",
        "execute": "-1",
        "decode": "SW x10, 0(x2)",
        "fetch": "-1",
        "forwarding": "-1",
        "value": "-1",
        "id": "177"
    },
    {
        "writeback": "-1",
        "memory": "-1",
        "execute": "SW x10, 0(x2)",
        "decode": "-1",
        "fetch": "-1",
        "forwarding": "-1",
        "value": "-1",
        "id": "178"
    },
    {
        "writeback": "-1",
        "memory": "SW x10, 0(x2)",
        "execute": "-1",
        "decode": "-1",
        "fetch": "-1",
        "forwarding": "-1",
        "value": "-1",
        "id": "179"
    },
    {
        "writeback": "SW x10, 0(x2)",
        "memory": "-1",
        "execute": "-1",
        "decode": "-1",
        "fetch": "-1",
        "forwarding": "-1",
        "value": "-1",
        "id": "180"
    },
    {
        "writeback": "-1",
        "memory": "-1",
        "execute": "-1",
        "decode": "-1",
        "fetch": "SW x1, 4(x2)",
        "forwarding": "-1",
        "value": "-1",
        "id": "181"
    },
    {
        "writeback": "-1",
        "memory": "-1",
        "execute": "-1",
        "decode": "SW x1, 4(x2)",
        "fetch": "-1",
        "forwarding": "-1",
        "value": "-1",
        "id": "182"
    },
    {
        "writeback": "-1",
        "memory": "-1",
        "execute": "SW x1, 4(x2)",
        "decode": "-1",
        "fetch": "-1",
        "forwarding": "-1",
        "value": "-1",
        "id": "183"
    },
    {
        "writeback": "-1",
        "memory": "SW x1, 4(x2)",
        "execute": "-1",
        "decode": "-1",
        "fetch": "-1",
        "forwarding": "-1",
        "value": "-1",
        "id": "184"
    },
    {
        "writeback": "SW x1, 4(x2)",
        "memory": "-1",
        "execute": "-1",
        "decode": "-1",
        "fetch": "-1",
        "forwarding": "-1",
        "value": "-1",
        "id": "185"
    },
    {
        "writeback": "-1",
        "memory": "-1",
        "execute": "-1",
        "decode": "-1",
        "fetch": "BLT x19, x10, 12",
        "forwarding": "-1",
        "value": "-1",
        "id": "186"
    },
    {
        "writeback": "-1",
        "memory": "-1",
        "execute": "-1",
        "decode": "BLT x19, x10, 12",
        "fetch": "-1",
        "forwarding": "-1",
        "value": "-1",
        "id": "187"
    },
    {
        "writeback": "-1",
        "memory": "-1",
        "execute": "BLT x19, x10, 12",
        "decode": "-1",
        "fetch": "-1",
        "forwarding": "-1",
        "value": "-1",
        "id": "188"
    },
    {
        "writeback": "-1",
        "memory": "BLT x19, x10, 12",
        "execute": "-1",
        "decode": "-1",
        "fetch": "-1",
        "forwarding": "-1",
        "value": "-1",
        "id": "189"
    },
    {
        "writeback": "BLT x19, x10, 12",
        "memory": "-1",
        "execute": "-1",
        "decode": "-1",
        "fetch": "-1",
        "forwarding": "-1",
        "value": "-1",
        "id": "190"
    },
    {
        "writeback": "-1",
        "memory": "-1",
        "execute": "-1",
        "decode": "-1",
        "fetch": "ADDI x2, x2, 8",
        "forwarding": "-1",
        "value": "-1",
        "id": "191"
    },
    {
        "writeback": "-1",
        "memory": "-1",
        "execute": "-1",
        "decode": "ADDI x2, x2, 8",
        "fetch": "-1",
        "forwarding": "-1",
        "value": "-1",
        "id": "192"
    },
    {
        "writeback": "-1",
        "memory": "-1",
        "execute": "ADDI x2, x2, 8",
        "decode": "-1",
        "fetch": "-1",
        "forwarding": "-1",
        "value": "-1",
        "id": "193"
    },
    {
        "writeback": "-1",
        "memory": "ADDI x2, x2, 8",
        "execute": "-1",
        "decode": "-1",
        "fetch": "-1",
        "forwarding": "-1",
        "value": "-1",
        "id": "194"
    },
    {
        "writeback": "ADDI x2, x2, 8",
        "memory": "-1",
        "execute": "-1",
        "decode": "-1",
        "fetch": "-1",
        "forwarding": "-1",
        "value": "-1",
        "id": "195"
    },
    {
        "writeback": "-1",
        "memory": "-1",
        "execute": "-1",
        "decode": "-1",
        "fetch": "JALR x0, x1, 0",
        "forwarding": "-1",
        "value": "-1",
        "id": "196"
    },
    {
        "writeback": "-1",
        "memory": "-1",
        "execute": "-1",
        "decode": "JALR x0, x1, 0",
        "fetch": "-1",
        "forwarding": "-1",
        "value": "-1",
        "id": "197"
    },
    {
        "writeback": "-1",
        "memory": "-1",
        "execute": "JALR x0, x1, 0",
        "decode": "-1",
        "fetch": "-1",
        "forwarding": "-1",
        "value": "-1",
        "id": "198"
    },
    {
        "writeback": "-1",
        "memory": "JALR x0, x1, 0",
        "execute": "-1",
        "decode": "-1",
        "fetch": "-1",
        "forwarding": "-1",
        "value": "-1",
        "id": "199"
    },
    {
        "writeback": "JALR x0, x1, 0",
        "memory": "-1",
        "execute": "-1",
        "decode": "-1",
        "fetch": "-1",
        "forwarding": "-1",
        "value": "-1",
        "id": "200"
    },
    {
        "writeback": "-1",
        "memory": "-1",
        "execute": "-1",
        "decode": "-1",
        "fetch": "LW x20, 0(x2)",
        "forwarding": "-1",
        "value": "-1",
        "id": "201"
    },
    {
        "writeback": "-1",
        "memory": "-1",
        "execute": "-1",
        "decode": "LW x20, 0(x2)",
        "fetch": "-1",
        "forwarding": "-1",
        "value": "-1",
        "id": "202"
    },
    {
        "writeback": "-1",
        "memory": "-1",
        "execute": "LW x20, 0(x2)",
        "decode": "-1",
        "fetch": "-1",
        "forwarding": "-1",
        "value": "-1",
        "id": "203"
    },
    {
        "writeback": "-1",
        "memory": "LW x20, 0(x2)",
        "execute": "-1",
        "decode": "-1",
        "fetch": "-1",
        "forwarding": "-1",
        "value": "-1",
        "id": "204"
    },
    {
        "writeback": "LW x20, 0(x2)",
        "memory": "-1",
        "execute": "-1",
        "decode": "-1",
        "fetch": "-1",
        "forwarding": "-1",
        "value": "-1",
        "id": "205"
    },
    {
        "writeback": "-1",
        "memory": "-1",
        "execute": "-1",
        "decode": "-1",
        "fetch": "LW x1, 4(x2)",
        "forwarding": "-1",
        "value": "-1",
        "id": "206"
    },
    {
        "writeback": "-1",
        "memory": "-1",
        "execute": "-1",
        "decode": "LW x1, 4(x2)",
        "fetch": "-1",
        "forwarding": "-1",
        "value": "-1",
        "id": "207"
    },
    {
        "writeback": "-1",
        "memory": "-1",
        "execute": "LW x1, 4(x2)",
        "decode": "-1",
        "fetch": "-1",
        "forwarding": "-1",
        "value": "-1",
        "id": "208"
    },
    {
        "writeback": "-1",
        "memory": "LW x1, 4(x2)",
        "execute": "-1",
        "decode": "-1",
        "fetch": "-1",
        "forwarding": "-1",
        "value": "-1",
        "id": "209"
    },
    {
        "writeback": "LW x1, 4(x2)",
        "memory": "-1",
        "execute": "-1",
        "decode": "-1",
        "fetch": "-1",
        "forwarding": "-1",
        "value": "-1",
        "id": "210"
    },
    {
        "writeback": "-1",
        "memory": "-1",
        "execute": "-1",
        "decode": "-1",
        "fetch": "ADDI x2, x2, 8",
        "forwarding": "-1",
        "value": "-1",
        "id": "211"
    },
    {
        "writeback": "-1",
        "memory": "-1",
        "execute": "-1",
        "decode": "ADDI x2, x2, 8",
        "fetch": "-1",
        "forwarding": "-1",
        "value": "-1",
        "id": "212"
    },
    {
        "writeback": "-1",
        "memory": "-1",
        "execute": "ADDI x2, x2, 8",
        "decode": "-1",
        "fetch": "-1",
        "forwarding": "-1",
        "value": "-1",
        "id": "213"
    },
    {
        "writeback": "-1",
        "memory": "ADDI x2, x2, 8",
        "execute": "-1",
        "decode": "-1",
        "fetch": "-1",
        "forwarding": "-1",
        "value": "-1",
        "id": "214"
    },
    {
        "writeback": "ADDI x2, x2, 8",
        "memory": "-1",
        "execute": "-1",
        "decode": "-1",
        "fetch": "-1",
        "forwarding": "-1",
        "value": "-1",
        "id": "215"
    },
    {
        "writeback": "-1",
        "memory": "-1",
        "execute": "-1",
        "decode": "-1",
        "fetch": "MUL x10, x10, x20",
        "forwarding": "-1",
        "value": "-1",
        "id": "216"
    },
    {
        "writeback": "-1",
        "memory": "-1",
        "execute": "-1",
        "decode": "MUL x10, x10, x20",
        "fetch": "-1",
        "forwarding": "-1",
        "value": "-1",
        "id": "217"
    },
    {
        "writeback": "-1",
        "memory": "-1",
        "execute": "MUL x10, x10, x20",
        "decode": "-1",
        "fetch": "-1",
        "forwarding": "-1",
        "value": "-1",
        "id": "218"
    },
    {
        "writeback": "-1",
        "memory": "MUL x10, x10, x20",
        "execute": "-1",
        "decode": "-1",
        "fetch": "-1",
        "forwarding": "-1",
        "value": "-1",
        "id": "219"
    },
    {
        "writeback": "MUL x10, x10, x20",
        "memory": "-1",
        "execute": "-1",
        "decode": "-1",
        "fetch": "-1",
        "forwarding": "-1",
        "value": "-1",
        "id": "220"
    },
    {
        "writeback": "-1",
        "memory": "-1",
        "execute": "-1",
        "decode": "-1",
        "fetch": "JALR x0, x1, 0",
        "forwarding": "-1",
        "value": "-1",
        "id": "221"
    },
    {
        "writeback": "-1",
        "memory": "-1",
        "execute": "-1",
        "decode": "JALR x0, x1, 0",
        "fetch": "-1",
        "forwarding": "-1",
        "value": "-1",
        "id": "222"
    },
    {
        "writeback": "-1",
        "memory": "-1",
        "execute": "JALR x0, x1, 0",
        "decode": "-1",
        "fetch": "-1",
        "forwarding": "-1",
        "value": "-1",
        "id": "223"
    },
    {
        "writeback": "-1",
        "memory": "JALR x0, x1, 0",
        "execute": "-1",
        "decode": "-1",
        "fetch": "-1",
        "forwarding": "-1",
        "value": "-1",
        "id": "224"
    },
    {
        "writeback": "JALR x0, x1, 0",
        "memory": "-1",
        "execute": "-1",
        "decode": "-1",
        "fetch": "-1",
        "forwarding": "-1",
        "value": "-1",
        "id": "225"
    },
    {
        "writeback": "-1",
        "memory": "-1",
        "execute": "-1",
        "decode": "-1",
        "fetch": "LW x20, 0(x2)",
        "forwarding": "-1",
        "value": "-1",
        "id": "226"
    },
    {
        "writeback": "-1",
        "memory": "-1",
        "execute": "-1",
        "decode": "LW x20, 0(x2)",
        "fetch": "-1",
        "forwarding": "-1",
        "value": "-1",
        "id": "227"
    },
    {
        "writeback": "-1",
        "memory": "-1",
        "execute": "LW x20, 0(x2)",
        "decode": "-1",
        "fetch": "-1",
        "forwarding": "-1",
        "value": "-1",
        "id": "228"
    },
    {
        "writeback": "-1",
        "memory": "LW x20, 0(x2)",
        "execute": "-1",
        "decode": "-1",
        "fetch": "-1",
        "forwarding": "-1",
        "value": "-1",
        "id": "229"
    },
    {
        "writeback": "LW x20, 0(x2)",
        "memory": "-1",
        "execute": "-1",
        "decode": "-1",
        "fetch": "-1",
        "forwarding": "-1",
        "value": "-1",
        "id": "230"
    },
    {
        "writeback": "-1",
        "memory": "-1",
        "execute": "-1",
        "decode": "-1",
        "fetch": "LW x1, 4(x2)",
        "forwarding": "-1",
        "value": "-1",
        "id": "231"
    },
    {
        "writeback": "-1",
        "memory": "-1",
        "execute": "-1",
        "decode": "LW x1, 4(x2)",
        "fetch": "-1",
        "forwarding": "-1",
        "value": "-1",
        "id": "232"
    },
    {
        "writeback": "-1",
        "memory": "-1",
        "execute": "LW x1, 4(x2)",
        "decode": "-1",
        "fetch": "-1",
        "forwarding": "-1",
        "value": "-1",
        "id": "233"
    },
    {
        "writeback": "-1",
        "memory": "LW x1, 4(x2)",
        "execute": "-1",
        "decode": "-1",
        "fetch": "-1",
        "forwarding": "-1",
        "value": "-1",
        "id": "234"
    },
    {
        "writeback": "LW x1, 4(x2)",
        "memory": "-1",
        "execute": "-1",
        "decode": "-1",
        "fetch": "-1",
        "forwarding": "-1",
        "value": "-1",
        "id": "235"
    },
    {
        "writeback": "-1",
        "memory": "-1",
        "execute": "-1",
        "decode": "-1",
        "fetch": "ADDI x2, x2, 8",
        "forwarding": "-1",
        "value": "-1",
        "id": "236"
    },
    {
        "writeback": "-1",
        "memory": "-1",
        "execute": "-1",
        "decode": "ADDI x2, x2, 8",
        "fetch": "-1",
        "forwarding": "-1",
        "value": "-1",
        "id": "237"
    },
    {
        "writeback": "-1",
        "memory": "-1",
        "execute": "ADDI x2, x2, 8",
        "decode": "-1",
        "fetch": "-1",
        "forwarding": "-1",
        "value": "-1",
        "id": "238"
    },
    {
        "writeback": "-1",
        "memory": "ADDI x2, x2, 8",
        "execute": "-1",
        "decode": "-1",
        "fetch": "-1",
        "forwarding": "-1",
        "value": "-1",
        "id": "239"
    },
    {
        "writeback": "ADDI x2, x2, 8",
        "memory": "-1",
        "execute": "-1",
        "decode": "-1",
        "fetch": "-1",
        "forwarding": "-1",
        "value": "-1",
        "id": "240"
    },
    {
        "writeback": "-1",
        "memory": "-1",
        "execute": "-1",
        "decode": "-1",
        "fetch": "MUL x10, x10, x20",
        "forwarding": "-1",
        "value": "-1",
        "id": "241"
    },
    {
        "writeback": "-1",
        "memory": "-1",
        "execute": "-1",
        "decode": "MUL x10, x10, x20",
        "fetch": "-1",
        "forwarding": "-1",
        "value": "-1",
        "id": "242"
    },
    {
        "writeback": "-1",
        "memory": "-1",
        "execute": "MUL x10, x10, x20",
        "decode": "-1",
        "fetch": "-1",
        "forwarding": "-1",
        "value": "-1",
        "id": "243"
    },
    {
        "writeback": "-1",
        "memory": "MUL x10, x10, x20",
        "execute": "-1",
        "decode": "-1",
        "fetch": "-1",
        "forwarding": "-1",
        "value": "-1",
        "id": "244"
    },
    {
        "writeback": "MUL x10, x10, x20",
        "memory": "-1",
        "execute": "-1",
        "decode": "-1",
        "fetch": "-1",
        "forwarding": "-1",
        "value": "-1",
        "id": "245"
    },
    {
        "writeback": "-1",
        "memory": "-1",
        "execute": "-1",
        "decode": "-1",
        "fetch": "JALR x0, x1, 0",
        "forwarding": "-1",
        "value": "-1",
        "id": "246"
    },
    {
        "writeback": "-1",
        "memory": "-1",
        "execute": "-1",
        "decode": "JALR x0, x1, 0",
        "fetch": "-1",
        "forwarding": "-1",
        "value": "-1",
        "id": "247"
    },
    {
        "writeback": "-1",
        "memory": "-1",
        "execute": "JALR x0, x1, 0",
        "decode": "-1",
        "fetch": "-1",
        "forwarding": "-1",
        "value": "-1",
        "id": "248"
    },
    {
        "writeback": "-1",
        "memory": "JALR x0, x1, 0",
        "execute": "-1",
        "decode": "-1",
        "fetch": "-1",
        "forwarding": "-1",
        "value": "-1",
        "id": "249"
    },
    {
        "writeback": "JALR x0, x1, 0",
        "memory": "-1",
        "execute": "-1",
        "decode": "-1",
        "fetch": "-1",
        "forwarding": "-1",
        "value": "-1",
        "id": "250"
    },
    {
        "writeback": "-1",
        "memory": "-1",
        "execute": "-1",
        "decode": "-1",
        "fetch": "LW x20, 0(x2)",
        "forwarding": "-1",
        "value": "-1",
        "id": "251"
    },
    {
        "writeback": "-1",
        "memory": "-1",
        "execute": "-1",
        "decode": "LW x20, 0(x2)",
        "fetch": "-1",
        "forwarding": "-1",
        "value": "-1",
        "id": "252"
    },
    {
        "writeback": "-1",
        "memory": "-1",
        "execute": "LW x20, 0(x2)",
        "decode": "-1",
        "fetch": "-1",
        "forwarding": "-1",
        "value": "-1",
        "id": "253"
    },
    {
        "writeback": "-1",
        "memory": "LW x20, 0(x2)",
        "execute": "-1",
        "decode": "-1",
        "fetch": "-1",
        "forwarding": "-1",
        "value": "-1",
        "id": "254"
    },
    {
        "writeback": "LW x20, 0(x2)",
        "memory": "-1",
        "execute": "-1",
        "decode": "-1",
        "fetch": "-1",
        "forwarding": "-1",
        "value": "-1",
        "id": "255"
    },
    {
        "writeback": "-1",
        "memory": "-1",
        "execute": "-1",
        "decode": "-1",
        "fetch": "LW x1, 4(x2)",
        "forwarding": "-1",
        "value": "-1",
        "id": "256"
    },
    {
        "writeback": "-1",
        "memory": "-1",
        "execute": "-1",
        "decode": "LW x1, 4(x2)",
        "fetch": "-1",
        "forwarding": "-1",
        "value": "-1",
        "id": "257"
    },
    {
        "writeback": "-1",
        "memory": "-1",
        "execute": "LW x1, 4(x2)",
        "decode": "-1",
        "fetch": "-1",
        "forwarding": "-1",
        "value": "-1",
        "id": "258"
    },
    {
        "writeback": "-1",
        "memory": "LW x1, 4(x2)",
        "execute": "-1",
        "decode": "-1",
        "fetch": "-1",
        "forwarding": "-1",
        "value": "-1",
        "id": "259"
    },
    {
        "writeback": "LW x1, 4(x2)",
        "memory": "-1",
        "execute": "-1",
        "decode": "-1",
        "fetch": "-1",
        "forwarding": "-1",
        "value": "-1",
        "id": "260"
    },
    {
        "writeback": "-1",
        "memory": "-1",
        "execute": "-1",
        "decode": "-1",
        "fetch": "ADDI x2, x2, 8",
        "forwarding": "-1",
        "value": "-1",
        "id": "261"
    },
    {
        "writeback": "-1",
        "memory": "-1",
        "execute": "-1",
        "decode": "ADDI x2, x2, 8",
        "fetch": "-1",
        "forwarding": "-1",
        "value": "-1",
        "id": "262"
    },
    {
        "writeback": "-1",
        "memory": "-1",
        "execute": "ADDI x2, x2, 8",
        "decode": "-1",
        "fetch": "-1",
        "forwarding": "-1",
        "value": "-1",
        "id": "263"
    },
    {
        "writeback": "-1",
        "memory": "ADDI x2, x2, 8",
        "execute": "-1",
        "decode": "-1",
        "fetch": "-1",
        "forwarding": "-1",
        "value": "-1",
        "id": "264"
    },
    {
        "writeback": "ADDI x2, x2, 8",
        "memory": "-1",
        "execute": "-1",
        "decode": "-1",
        "fetch": "-1",
        "forwarding": "-1",
        "value": "-1",
        "id": "265"
    },
    {
        "writeback": "-1",
        "memory": "-1",
        "execute": "-1",
        "decode": "-1",
        "fetch": "MUL x10, x10, x20",
        "forwarding": "-1",
        "value": "-1",
        "id": "266"
    },
    {
        "writeback": "-1",
        "memory": "-1",
        "execute": "-1",
        "decode": "MUL x10, x10, x20",
        "fetch": "-1",
        "forwarding": "-1",
        "value": "-1",
        "id": "267"
    },
    {
        "writeback": "-1",
        "memory": "-1",
        "execute": "MUL x10, x10, x20",
        "decode": "-1",
        "fetch": "-1",
        "forwarding": "-1",
        "value": "-1",
        "id": "268"
    },
    {
        "writeback": "-1",
        "memory": "MUL x10, x10, x20",
        "execute": "-1",
        "decode": "-1",
        "fetch": "-1",
        "forwarding": "-1",
        "value": "-1",
        "id": "269"
    },
    {
        "writeback": "MUL x10, x10, x20",
        "memory": "-1",
        "execute": "-1",
        "decode": "-1",
        "fetch": "-1",
        "forwarding": "-1",
        "value": "-1",
        "id": "270"
    },
    {
        "writeback": "-1",
        "memory": "-1",
        "execute": "-1",
        "decode": "-1",
        "fetch": "JALR x0, x1, 0",
        "forwarding": "-1",
        "value": "-1",
        "id": "271"
    },
    {
        "writeback": "-1",
        "memory": "-1",
        "execute": "-1",
        "decode": "JALR x0, x1, 0",
        "fetch": "-1",
        "forwarding": "-1",
        "value": "-1",
        "id": "272"
    },
    {
        "writeback": "-1",
        "memory": "-1",
        "execute": "JALR x0, x1, 0",
        "decode": "-1",
        "fetch": "-1",
        "forwarding": "-1",
        "value": "-1",
        "id": "273"
    },
    {
        "writeback": "-1",
        "memory": "JALR x0, x1, 0",
        "execute": "-1",
        "decode": "-1",
        "fetch": "-1",
        "forwarding": "-1",
        "value": "-1",
        "id": "274"
    },
    {
        "writeback": "JALR x0, x1, 0",
        "memory": "-1",
        "execute": "-1",
        "decode": "-1",
        "fetch": "-1",
        "forwarding": "-1",
        "value": "-1",
        "id": "275"
    },
    {
        "writeback": "-1",
        "memory": "-1",
        "execute": "-1",
        "decode": "-1",
        "fetch": "LW x20, 0(x2)",
        "forwarding": "-1",
        "value": "-1",
        "id": "276"
    },
    {
        "writeback": "-1",
        "memory": "-1",
        "execute": "-1",
        "decode": "LW x20, 0(x2)",
        "fetch": "-1",
        "forwarding": "-1",
        "value": "-1",
        "id": "277"
    },
    {
        "writeback": "-1",
        "memory": "-1",
        "execute": "LW x20, 0(x2)",
        "decode": "-1",
        "fetch": "-1",
        "forwarding": "-1",
        "value": "-1",
        "id": "278"
    },
    {
        "writeback": "-1",
        "memory": "LW x20, 0(x2)",
        "execute": "-1",
        "decode": "-1",
        "fetch": "-1",
        "forwarding": "-1",
        "value": "-1",
        "id": "279"
    },
    {
        "writeback": "LW x20, 0(x2)",
        "memory": "-1",
        "execute": "-1",
        "decode": "-1",
        "fetch": "-1",
        "forwarding": "-1",
        "value": "-1",
        "id": "280"
    },
    {
        "writeback": "-1",
        "memory": "-1",
        "execute": "-1",
        "decode": "-1",
        "fetch": "LW x1, 4(x2)",
        "forwarding": "-1",
        "value": "-1",
        "id": "281"
    },
    {
        "writeback": "-1",
        "memory": "-1",
        "execute": "-1",
        "decode": "LW x1, 4(x2)",
        "fetch": "-1",
        "forwarding": "-1",
        "value": "-1",
        "id": "282"
    },
    {
        "writeback": "-1",
        "memory": "-1",
        "execute": "LW x1, 4(x2)",
        "decode": "-1",
        "fetch": "-1",
        "forwarding": "-1",
        "value": "-1",
        "id": "283"
    },
    {
        "writeback": "-1",
        "memory": "LW x1, 4(x2)",
        "execute": "-1",
        "decode": "-1",
        "fetch": "-1",
        "forwarding": "-1",
        "value": "-1",
        "id": "284"
    },
    {
        "writeback": "LW x1, 4(x2)",
        "memory": "-1",
        "execute": "-1",
        "decode": "-1",
        "fetch": "-1",
        "forwarding": "-1",
        "value": "-1",
        "id": "285"
    },
    {
        "writeback": "-1",
        "memory": "-1",
        "execute": "-1",
        "decode": "-1",
        "fetch": "ADDI x2, x2, 8",
        "forwarding": "-1",
        "value": "-1",
        "id": "286"
    },
    {
        "writeback": "-1",
        "memory": "-1",
        "execute": "-1",
        "decode": "ADDI x2, x2, 8",
        "fetch": "-1",
        "forwarding": "-1",
        "value": "-1",
        "id": "287"
    },
    {
        "writeback": "-1",
        "memory": "-1",
        "execute": "ADDI x2, x2, 8",
        "decode": "-1",
        "fetch": "-1",
        "forwarding": "-1",
        "value": "-1",
        "id": "288"
    },
    {
        "writeback": "-1",
        "memory": "ADDI x2, x2, 8",
        "execute": "-1",
        "decode": "-1",
        "fetch": "-1",
        "forwarding": "-1",
        "value": "-1",
        "id": "289"
    },
    {
        "writeback": "ADDI x2, x2, 8",
        "memory": "-1",
        "execute": "-1",
        "decode": "-1",
        "fetch": "-1",
        "forwarding": "-1",
        "value": "-1",
        "id": "290"
    },
    {
        "writeback": "-1",
        "memory": "-1",
        "execute": "-1",
        "decode": "-1",
        "fetch": "MUL x10, x10, x20",
        "forwarding": "-1",
        "value": "-1",
        "id": "291"
    },
    {
        "writeback": "-1",
        "memory": "-1",
        "execute": "-1",
        "decode": "MUL x10, x10, x20",
        "fetch": "-1",
        "forwarding": "-1",
        "value": "-1",
        "id": "292"
    },
    {
        "writeback": "-1",
        "memory": "-1",
        "execute": "MUL x10, x10, x20",
        "decode": "-1",
        "fetch": "-1",
        "forwarding": "-1",
        "value": "-1",
        "id": "293"
    },
    {
        "writeback": "-1",
        "memory": "MUL x10, x10, x20",
        "execute": "-1",
        "decode": "-1",
        "fetch": "-1",
        "forwarding": "-1",
        "value": "-1",
        "id": "294"
    },
    {
        "writeback": "MUL x10, x10, x20",
        "memory": "-1",
        "execute": "-1",
        "decode": "-1",
        "fetch": "-1",
        "forwarding": "-1",
        "value": "-1",
        "id": "295"
    },
    {
        "writeback": "-1",
        "memory": "-1",
        "execute": "-1",
        "decode": "-1",
        "fetch": "JALR x0, x1, 0",
        "forwarding": "-1",
        "value": "-1",
        "id": "296"
    },
    {
        "writeback": "-1",
        "memory": "-1",
        "execute": "-1",
        "decode": "JALR x0, x1, 0",
        "fetch": "-1",
        "forwarding": "-1",
        "value": "-1",
        "id": "297"
    },
    {
        "writeback": "-1",
        "memory": "-1",
        "execute": "JALR x0, x1, 0",
        "decode": "-1",
        "fetch": "-1",
        "forwarding": "-1",
        "value": "-1",
        "id": "298"
    },
    {
        "writeback": "-1",
        "memory": "JALR x0, x1, 0",
        "execute": "-1",
        "decode": "-1",
        "fetch": "-1",
        "forwarding": "-1",
        "value": "-1",
        "id": "299"
    },
    {
        "writeback": "JALR x0, x1, 0",
        "memory": "-1",
        "execute": "-1",
        "decode": "-1",
        "fetch": "-1",
        "forwarding": "-1",
        "value": "-1",
        "id": "300"
    },
    {
        "writeback": "-1",
        "memory": "-1",
        "execute": "-1",
        "decode": "-1",
        "fetch": "LW x20, 0(x2)",
        "forwarding": "-1",
        "value": "-1",
        "id": "301"
    },
    {
        "writeback": "-1",
        "memory": "-1",
        "execute": "-1",
        "decode": "LW x20, 0(x2)",
        "fetch": "-1",
        "forwarding": "-1",
        "value": "-1",
        "id": "302"
    },
    {
        "writeback": "-1",
        "memory": "-1",
        "execute": "LW x20, 0(x2)",
        "decode": "-1",
        "fetch": "-1",
        "forwarding": "-1",
        "value": "-1",
        "id": "303"
    },
    {
        "writeback": "-1",
        "memory": "LW x20, 0(x2)",
        "execute": "-1",
        "decode": "-1",
        "fetch": "-1",
        "forwarding": "-1",
        "value": "-1",
        "id": "304"
    },
    {
        "writeback": "LW x20, 0(x2)",
        "memory": "-1",
        "execute": "-1",
        "decode": "-1",
        "fetch": "-1",
        "forwarding": "-1",
        "value": "-1",
        "id": "305"
    },
    {
        "writeback": "-1",
        "memory": "-1",
        "execute": "-1",
        "decode": "-1",
        "fetch": "LW x1, 4(x2)",
        "forwarding": "-1",
        "value": "-1",
        "id": "306"
    },
    {
        "writeback": "-1",
        "memory": "-1",
        "execute": "-1",
        "decode": "LW x1, 4(x2)",
        "fetch": "-1",
        "forwarding": "-1",
        "value": "-1",
        "id": "307"
    },
    {
        "writeback": "-1",
        "memory": "-1",
        "execute": "LW x1, 4(x2)",
        "decode": "-1",
        "fetch": "-1",
        "forwarding": "-1",
        "value": "-1",
        "id": "308"
    },
    {
        "writeback": "-1",
        "memory": "LW x1, 4(x2)",
        "execute": "-1",
        "decode": "-1",
        "fetch": "-1",
        "forwarding": "-1",
        "value": "-1",
        "id": "309"
    },
    {
        "writeback": "LW x1, 4(x2)",
        "memory": "-1",
        "execute": "-1",
        "decode": "-1",
        "fetch": "-1",
        "forwarding": "-1",
        "value": "-1",
        "id": "310"
    },
    {
        "writeback": "-1",
        "memory": "-1",
        "execute": "-1",
        "decode": "-1",
        "fetch": "ADDI x2, x2, 8",
        "forwarding": "-1",
        "value": "-1",
        "id": "311"
    },
    {
        "writeback": "-1",
        "memory": "-1",
        "execute": "-1",
        "decode": "ADDI x2, x2, 8",
        "fetch": "-1",
        "forwarding": "-1",
        "value": "-1",
        "id": "312"
    },
    {
        "writeback": "-1",
        "memory": "-1",
        "execute": "ADDI x2, x2, 8",
        "decode": "-1",
        "fetch": "-1",
        "forwarding": "-1",
        "value": "-1",
        "id": "313"
    },
    {
        "writeback": "-1",
        "memory": "ADDI x2, x2, 8",
        "execute": "-1",
        "decode": "-1",
        "fetch": "-1",
        "forwarding": "-1",
        "value": "-1",
        "id": "314"
    },
    {
        "writeback": "ADDI x2, x2, 8",
        "memory": "-1",
        "execute": "-1",
        "decode": "-1",
        "fetch": "-1",
        "forwarding": "-1",
        "value": "-1",
        "id": "315"
    },
    {
        "writeback": "-1",
        "memory": "-1",
        "execute": "-1",
        "decode": "-1",
        "fetch": "MUL x10, x10, x20",
        "forwarding": "-1",
        "value": "-1",
        "id": "316"
    },
    {
        "writeback": "-1",
        "memory": "-1",
        "execute": "-1",
        "decode": "MUL x10, x10, x20",
        "fetch": "-1",
        "forwarding": "-1",
        "value": "-1",
        "id": "317"
    },
    {
        "writeback": "-1",
        "memory": "-1",
        "execute": "MUL x10, x10, x20",
        "decode": "-1",
        "fetch": "-1",
        "forwarding": "-1",
        "value": "-1",
        "id": "318"
    },
    {
        "writeback": "-1",
        "memory": "MUL x10, x10, x20",
        "execute": "-1",
        "decode": "-1",
        "fetch": "-1",
        "forwarding": "-1",
        "value": "-1",
        "id": "319"
    },
    {
        "writeback": "MUL x10, x10, x20",
        "memory": "-1",
        "execute": "-1",
        "decode": "-1",
        "fetch": "-1",
        "forwarding": "-1",
        "value": "-1",
        "id": "320"
    },
    {
        "writeback": "-1",
        "memory": "-1",
        "execute": "-1",
        "decode": "-1",
        "fetch": "JALR x0, x1, 0",
        "forwarding": "-1",
        "value": "-1",
        "id": "321"
    },
    {
        "writeback": "-1",
        "memory": "-1",
        "execute": "-1",
        "decode": "JALR x0, x1, 0",
        "fetch": "-1",
        "forwarding": "-1",
        "value": "-1",
        "id": "322"
    },
    {
        "writeback": "-1",
        "memory": "-1",
        "execute": "JALR x0, x1, 0",
        "decode": "-1",
        "fetch": "-1",
        "forwarding": "-1",
        "value": "-1",
        "id": "323"
    },
    {
        "writeback": "-1",
        "memory": "JALR x0, x1, 0",
        "execute": "-1",
        "decode": "-1",
        "fetch": "-1",
        "forwarding": "-1",
        "value": "-1",
        "id": "324"
    },
    {
        "writeback": "JALR x0, x1, 0",
        "memory": "-1",
        "execute": "-1",
        "decode": "-1",
        "fetch": "-1",
        "forwarding": "-1",
        "value": "-1",
        "id": "325"
    },
    {
        "writeback": "-1",
        "memory": "-1",
        "execute": "-1",
        "decode": "-1",
        "fetch": "BEQ x0, x0, 56",
        "forwarding": "-1",
        "value": "-1",
        "id": "326"
    },
    {
        "writeback": "-1",
        "memory": "-1",
        "execute": "-1",
        "decode": "BEQ x0, x0, 56",
        "fetch": "-1",
        "forwarding": "-1",
        "value": "-1",
        "id": "327"
    },
    {
        "writeback": "-1",
        "memory": "-1",
        "execute": "BEQ x0, x0, 56",
        "decode": "-1",
        "fetch": "-1",
        "forwarding": "-1",
        "value": "-1",
        "id": "328"
    },
    {
        "writeback": "-1",
        "memory": "BEQ x0, x0, 56",
        "execute": "-1",
        "decode": "-1",
        "fetch": "-1",
        "forwarding": "-1",
        "value": "-1",
        "id": "329"
    },
    {
        "writeback": "BEQ x0, x0, 56",
        "memory": "-1",
        "execute": "-1",
        "decode": "-1",
        "fetch": "-1",
        "forwarding": "-1",
        "value": "-1",
        "id": "330"
    },
    {
        "writeback": "-1",
        "memory": "-1",
        "execute": "-1",
        "decode": "-1",
        "fetch": "-1",
        "forwarding": "-1",
        "value": "-1",
        "id": "331"
    }
]