[
    {
        "stats": "Number of read accesses",
        "value": "67"
    },
    {
        "stats": "Number of hits",
        "value": " 57"
    },
    {
        "stats": "Number of misses",
        "value": " 10"
    },
    {
        "stats": "Number of write accesses",
        "value": " 0"
    },
    {
        "stats": "Number of accesses",
        "value": " 23"
    },
    {
        "stats": "Number of hits",
        "value": " 16"
    },
    {
        "stats": "Number of misses",
        "value": " 7"
    },
    {
        "stats": "Number of write accesses",
        "value": " 12"
    }
]